연번,부문,사업명
1,건물,도시재생사업 연계 주택에너지 효율개선
2,건물,물 수요관리(재이용) 확대
3,건물,신축건물 에너지 성능 강화
4,건물,"HEMS/BEMS, 스마트 미터기 등 스마트에너지 관리"
5,건물,LPG 배관망과 온실가스 배출권 연계 플랫폼 구축
6,건물,LPG 소형저장탱크 보급 확대
7,건물,Smart Metering을 통한 에너지 절감
8,건물,가정에너지관리시스템(HEMS) 보급
9,건물,가정용 스마트전력 플랫폼 구축사업
10,건물,가정용 보일러 저녹스 버너 지원
11,건물,간판개선 사업추진
12,건물,건물 에너지 사용 및 탄소배출 정보 제공
13,건물,건물 열병합발전시설 보급
14,건물,건물 온실가스 총량제 도입
15,건물,건물에너지관리시스템 도입 및 보급
16,건물,건물 에너지 효융화 사업추진
17,건물,건물용 연료전지 발전 도입
18,건물,건축물 에너지 등급제 시행
19,건물,건축물 태양광+ESS 연계 보급
20,건물,고효율 절약기기 도입
21,건물,공공/상업 건축물 냉난방 온도 기준 설정 및 적용
22,건물,공공건물 ZEB 전환
23,건물,공공건물 그린 리모델링
24,건물,공공건물 녹색건축물 설계기준 시행
25,건물,공공건축물 리모델링
26,건물,공공건축물 청정에너지 보급
27,건물,공공기관 절수기기 보급
28,건물,공공기관 확대기반조성사업
29,건물,공공부문 LED 보급 확대
30,건물,공공시설 등 신재생 지역지원사업
31,건물,공동주택 ESCO 사업
32,건물,공동주택 고효율 조명기기 교체사업
33,건물,공동주택 미니태양광 보급사업
34,건물,공동주택 승강기 자가발전장치 설치지원
35,건물,광역원수 및 하천수를 활용한 도심지 냉난방 설비 구축
36,건물,군(郡) 단위 LPG 배관망 지원
37,건물,그린아파트 인증제 추진
38,건물,그린홈 주택지원사업
39,건물,기존 공공건축물 녹색건축물 전환 의무화
40,건물,기존건축물 에너지 고효율화
41,건물,기후 위기 대응을 위한 쿨시티사업
42,건물,노후 건축물 에너지 효율화 확대
43,건물,노후 도로조명 및 가로등 LED 교체
44,건물,노후 건축물 그린 리모델링 사업
45,건물,녹색 건축물 조성 보조금 지원사업
46,건물,녹색건축물 설치 기반 구축 및 확대
47,건물,녹색건축물 조성 보조금 지원사업 추진
48,건물,농어촌마을 LPG 소형저장탱크 보급
49,건물,단독건축물 태양광 지붕 전환
50,건물,단열 설비 리모델링
51,건물,도로 조명시설 밝기 개선사업
52,건물,도시가스 사용시설을 전기로 전환
53,건물,마이크로 그리드 시스템 구축
54,건물,목재펠릿 보일러 보급
55,건물,무탄소 연료전환 지원사업
56,건물,민간 녹색건축물 설계기준 시행
57,건물,"민간 LED 보급사업[대규모점포, 공동주택(주차장)]"
58,건물,벽면녹화 사업
59,건물,분산 전원용 태양광(민간투자)
60,건물,비산업 부문 사업장 온실가스 진단 컨설팅
61,건물,빈집 그린 리모델링을 통한 나눔 주택 지원
62,건물,빗물이용시설 설치지원
63,건물,사업장 방지시설 및 저녹스 버너 교체
64,건물,사업장 청정연료 전환사업
65,건물,사용자 중심의 친환경 공공건축물 건립
66,건물,사회복지시설 에너지효율 향상
67,건물,상업용 연료전지 시스템 보급
68,건물,소규모 사업장 저녹스 버너 지원
69,건물,소규모 임대주택 제로 에너지 감축 추진
70,건물,"수소 시범도시 조성_수소연료전지 보급, 수소 배관 등"
71,건물,수열 에너지 이용 확대
72,건물,수열 에너지를 활용한 냉난방 시스템 도입
73,건물,수요자원거래 시장 참여
74,건물,스마트 그린시티 조성
75,건물,스마트 솔라트리 설치
76,건물,스마트가로등 설치사업
77,건물,스마트전력 플랫폼 사업(스마트 미터기 보급)
78,건물,승강기 자가발전장치 지원
79,건물,시청사 녹색 프리미엄 요금제
80,건물,시청사 탄소 제로화
81,건물,신규건축물의 제로 에너지건축물 보급사업
82,건물,신재생에너지 보급
83,건물,신재생에너지 주택지원사업
84,건물,신축 공공건축물 제로 에너지 인증 강화
85,건물,아파트 승강기 전력 생산 장치 보급
86,건물,업무용 고효율 공조기 보급
87,건물,에너지 자립형 가로등 설치
88,건물,에너지 자립형 도로 관리시설 설치
89,건물,에너지 자립형 스마트 그늘막 설치
90,건물,에너지 자립형 스마트 그린 버스정류장 확대
91,건물,에너지 홈닥터
92,건물,에너지 고효율 기기 보급 및 설치
93,건물,에너지 이용 합리화 자금지원
94,건물,에너지절약형 LED 간판 및 보안등 개선사업
95,건물,마을 단위 LPG 소형탱크 보급
96,건물,에너지 홈닥터 운영
97,건물,에너지효율 등급제 확산
98,건물,에코 마일리지 가입 확대
99,건물,역사 환기 방식 개선
100,건물,옥상 녹화 사업
101,건물,온실가스 1인 1t 줄이기 운동
102,건물,온실가스 감축설비 지원
103,건물,온실가스 총량제 시행 및 기반 구축
104,건물,용수 절약기기 및 재이용시설 보급 확대
105,건물,우리 동네(학교) 태양광 발전사업
106,건물,우리집 전기 저금통 사업 확대
107,건물,유개승강장 태양광 설치사업
108,건물,유수율 제고에 따른 에너지 감축
109,건물,이메일 삭제 캠페인
110,건물,자가용(가정/건물) 연료전지 보급
111,건물,잠열 회수형 고효율 온수 보일러
112,건물,저녹스 버너 보급사업
113,건물,저소득층 에너지효율 개선사업
114,건물,저탄소 마을 조성
115,건물,저탄소･제로 에너지 건물 확대
116,건물,저탄소 녹색 아파트 조성사업
117,건물,전동차 회생 에너지 재사용
118,건물,전력수요관리(수요반응) 참여
119,건물,중소기업 에너지효율 진단 및 개선
120,건물,지역 맞춤형 소규모 주택 정비사업
121,건물,지역난방 도입 확대
122,건물,지역단위 탄소중립 기반 구축사업
123,건물,지역에너지 절약 사업
124,건물,친환경 고효율 도로조명 정비사업
125,건물,친환경 녹색 공공주택 건립
126,건물,친환경 주택 전환
127,건물,친환경 보일러 보급사업
128,건물,컴퓨터 대기전력 저감제품 보급
129,건물,쿨루프 사업
130,건물,탄소 저감형 도시재생사업
131,건물,탄소중립 공간단위 인벤토리 구축
132,건물,탄소중립 도시 추진
133,건물,탄소중립 제로 에너지 건축물 컨설팅 지원
134,건물,탄소중립 캠퍼스 조성
135,건물,탄소중립을 고려한 생태축 조성
136,건물,탄소중립타운 조성 시범사업
137,건물,탄소중립형 도시재생 추진
138,건물,탄소포인트제 운영
139,건물,태양광 발전시설 융자이자 보전 사업
140,건물,폐열회수장치 설치 및 운영
141,건물,푸른 옥상 가꾸기 사업
142,건물,환경기초시설 탄소중립프로그램 운영
143,건물,효율적 에너지 이용과 복지 사각지대 해소
144,농축산,가축분뇨 공동자원화시설 확충
145,농축산,가축분뇨 에너지화 사업
146,농축산,가축생균제 지원
147,농축산,고효율 설비 및 농기계 전기∙수소 전환 인프라 구축
148,농축산,곤충산업 활성화 사업추진
149,농축산,공동자원화시설 개보수 지원
150,농축산,과수 분야 스마트팜 확산사업
151,농축산,노후 농기계 조기 폐차
152,농축산,논물 얕게 대기 기술 보급사업
153,농축산,농가 에너지 이용 효율화 사업
154,농축산,농경지 탄소 저장기능 강화
155,농축산,농기계 재생에너지 활용
156,농축산,농업 연료전지발전소
157,농축산,농업 부문 에너지 절감 시설지원
158,농축산,농업 분야 온실가스 감축 시설효율 개선
159,농축산,대체 가공식품 보급 확대
160,농축산,대체식품 및 채식 보급 활성화
161,농축산,마을형 퇴비 자원화 시설지원
162,농축산,먹거리 종합체계 푸드플랜 구축 기반 조성
163,농축산,메탄 저감 사료 보급 확대
164,농축산,목재펠릿 보급 지원
165,농축산,목조건축물 시공 용적 확대
166,농축산,바이오차 토양개량제 보급
167,농축산,방목생태 축산농장 조성
168,농축산,사료작물 생산지원(자체)
169,농축산,생물적 자원을 이용한 제초 이용
170,농축산,생산성 향상 기술지원
171,농축산,수산양식 친환경에너지 보급사업
172,농축산,스마트 상수도 통합관리시스템 구축
173,농축산,시설원예 에너지 생산시설
174,농축산,시설 원예농업 순환식 수막재배 설비 지원사업
175,농축산,시설 원예 분야 스마트팜 확산사업 추진
176,농축산,시설채소재배 농가 고밀도 에어로겔 다겹보온커튼 지원사업
177,농축산,양분관리제 시행
178,농축산,양식시설 관리시스템 강화
179,농축산,영농폐기물 수거 사업 활성화
180,농축산,원예시설 ICT 융복합 지원
181,농축산,유기성 폐기물 자원화시설 운영 및 시설 개선
182,농축산,육상전원공급장치(AMP) 이용 확대
183,농축산,저메탄사료 보급 사업 등 스마트 축사 보급
184,농축산,저탄소 농축산물 인증제 지원
185,농축산,전기 농기계 보급
186,농축산,조사료 및 저메탄사료 보급
187,농축산,지열 및 공기열 히트펌프 보급
188,농축산,축분 에너지화 산업 육성
189,농축산,축사 현대화 사업
190,농축산,친환경 농산물 인증 면적 확대
191,농축산,친환경 도시농업(친환경 비료 사용)
192,농축산,친환경 어선 에너지 절감장비 보급
193,농축산,친환경 어선어업 에너지 절감장비 보급
194,농축산,친환경 농산물 인증지원
195,농축산,친환경 농업 직불금
196,농축산,탄소저감형 어선어업 환경조성
197,농축산,퇴액비화 비율 감축
198,농축산,한우 비육기간 단축기술 보급사업
199,농축산,향만 야드트렉터 친환경 동력원 전환사업
200,산업,non-CO2 온실가스 배출 저감을 위한 공정전환 기술지원
201,산업,건설재료 In-situ CO2 혼합 탄산화 기술개발
202,산업,공장내 운반용 지게차 전기차 지원
203,산업,공장 에너지관리 및 에너지관리시스템(FEMS)보급
204,산업,공장 에너지관리시스템 구축
205,산업,기계 분야 기술 고도화 및 재제조기술개발
206,산업,노후풍력단지 리파워링 기술개발
207,산업,대기업 중견기업 중소기업 탄소중립 상생 플랫폼 구축
208,산업,미래자동차 사업재편 혁신성장지원사업
209,산업,보일러 폐열회수를 통한 에너지 절감
210,산업,산단 소형풍력발전기 설치 운영
211,산업,산업계 탄소중립 자율협약 체결
212,산업,산업부문 에너지 진단 컨설팅 지원
213,산업,소규모 사업장 방지시설 설치지원
214,산업,수열에너지 보급
215,산업,순환경제 혁신 인프라 구축
216,산업,스마트 에너지플랫폼 구축
217,산업,스마트공장 보급 확산 지원
218,산업,시멘트산업 배출 CO₂ 활용 저탄소 연료화 기술개발(CCUS)
219,산업,시장수요 기반 CCUS 신산업 창출
220,산업,암모니아 친환경에너지 규제 자유 추진
221,산업,에너지산업 융복합단지 센터 구축
222,산업,온실가스 배출권거래제 강화 및 자율협약제 실시
223,산업,외부 감축 상쇄제도 지원
224,산업,이차전지 신산업 육성
225,산업,전기이륜차 공유스테이션 기술개발 및 실증
226,산업,조선산업의 저탄소화
227,산업,중소·중견기업 4차산업 기술 적용 에너지효율 향상 지원
228,산업,중소기업 ESG 경영지원
229,산업,중소사업장 저녹스 버너 설치 지원사업
230,산업,지능형 FEMS 보급 확대
231,산업,지능형 전력망 산업기반 구축
232,산업,친환경 항만 하역 장비·부품 기술개발
233,산업,친환경 선박 혼합연료 기술개발 및 실증
234,산업,탄소 소재 화학적 순환 자원화 기술개발
235,산업,탄소중립 지능형 에너지시스템 연구센터 지원 확대
236,산업,탄소중립 핵심 분야 기업지원
237,산업,탄소중립형 스마트공장 보급·확산
238,산업,폐열회수 설비 설치
239,산업,항만시설 대기오염물질 관리시스템 구축
240,수소,거점형 수소생산기지 구축
241,수소,그린 수소 기반 에너지 섬-산단 연계 모델 구축
242,수소,그린수소 에너지 생산
243,수소,부유형 해상풍력 및 그린수소 생산기지 조성
244,수소,수소 연료전지 발전소 건립지원
245,수소,수소산업 클러스터 조성
246,수소,수소 액화 실증플랜트 구축 및 운영
247,수소,수소에너지 순환시스템 실증단지 조성
248,수소,암모니아 기반 거점형 그린수소 생성단지 조성
249,수소,제조 플랫폼 기반 수소 융복합 산업 육성
250,수소,지역산업 기반 수소에너지 네트워크 구축
251,수소,태양광 연계 그린수소 생성단지 조성
252,수송,에너지 셰어카 활용을 통한 전력 관리 최적화 서비스
253,수송,(광역) 알뜰교통카드 연계 마일리지 지원
254,수송,CNG 차량 보급 확대
255,수송,PM 스마트스테이션 보급
256,수송,간선급행체계(BRT) 구축 및 운영
257,수송,경유자동차 폐차 지원사업
258,수송,고효율 노후기관 장비 설비 지원사업
259,수송,공공기관 무공해 차량 의무 도입
260,수송,공공부문 친환경차 보급·이용
261,수송,공공자전거 운영
262,수송,공유 전기자전거 보급
263,수송,공회전 제한구역 관리강화
264,수송,관공서 차량 5부제
265,수송,광역알뜰교통카드 연계 마일리지 지원
266,수송,교통약자 DRT(수요응답형 버스 플랫폼) 구축
267,수송,교통유발부담금 제도개선
268,수송,그린공유카사업
269,수송,나눔카 운영 및 활성화
270,수송,내연기관차 수요 관리 강화
271,수송,노후 건설기계 엔진 교체지원
272,수송,녹색교통 마일리지 확대(승용차 마일리지제)
273,수송,녹색기본소득 제도 도입
274,수송,대중교통 전용 지구 확대 지정
275,수송,대중교통환승시설건립
276,수송,도심 도로공간을 녹색교통공간으로 개편
277,수송,배출가스 5등급차량 운행 제한 단속카메라 설치
278,수송,버스 이용자 인센티브 지원
279,수송,보행 인프라 개선사업
280,수송,산업단지 출퇴근 차량 수요 감소
281,수송,생태교통 인센티브 추진
282,수송,솔라로드(Solar Road) 조성
283,수송,수소 모빌리티 파워팩 평가인증 기반구축
284,수송,수소경제시대 수소 인프라 구축
285,수송,수소모빌리티 확산을 위한 회생전력 기반 분산형수소복합시스템 개발·실증
286,수송,수소자동차 보급사업 추진
287,수송,수소전기차 부품산업 육성 기술지원
288,수송,스마트 교통시스템 확대
289,수송,승용차 공동이용 활성화
290,수송,승용차요일제 활성화 추진
291,수송,시내버스 정기권 이용 활성화
292,수송,신항 LNG 벙커링 기지 조성
293,수송,알뜰교통카드 마일리지
294,수송,어르신 대중교통 무료 이용
295,수송,어린이 통학차의 LPG 전환지원사업
296,수송,에너지 허브 스테이션 구축
297,수송,에코드라이브 활성화
298,수송,운행차 배출가스 및 공회전 단속 강화
299,수송,자동차 공회전 규제
300,수송,자동차 탄소포인트제
301,수송,자율주행 인프라 구축
302,수송,자전거 이용 활성화 추진
303,수송,자전거전용도로 구축 및 자전거 이용 활성화
304,수송,재활용 자전거 지원
305,수송,전기자동차 보급
306,수송,전기차 충전 인프라 설치 확대
307,수송,전기차 폐배터리 재사용/재활용 활성화
308,수송,주차급지 체계 제도 운영
309,수송,중앙버스 전용차로 확충
310,수송,즐거운 도시산책(자동차 없는 날) 운영
311,수송,지능형 교통시스템(C-ITS) 구축
312,수송,차세대 지능형 교통시스템(C-ITS)
313,수송,철도 교통망 확충
314,수송,청소차량 전기·수소차 전환 추진
315,수송,친환경 LED 정류소 설치
316,수송,친환경 가로등 설치 확대
317,수송,친환경 건설기계(건설굴착기) 보급
318,수송,친환경 건설기계(수소지게차) 보급
319,수송,친환경 관공선 도입
320,수송,"친환경 교통수단(따릉이,PM) 이용 활성화"
321,수송,친환경 운전문화 확산
322,수송,친환경 운행장치 보급
323,수송,"친환경차 대중교통 전환_전기, 수소버스"
324,수송,트램 도입
325,수송,해양모빌리티 규제자유특구사업
326,수송,환승할인제 확대
327,전환,EV-신재생연계 직류전력거래
328,전환,PM용 소재부품 테스트베드 구축
329,전환,건물 소형 풍력 터빈 설치
330,전환,건물일체형 태양광(BIPV) 태양광 보급
331,전환,공공 석탄화력발전시설 에너지 전환
332,전환,그린에너지 ESS발전 규제자유특구
333,전환,대규모 연료전지 발전사업
334,전환,도민이 상생하는 에너지 전환
335,전환,도시가스 보급 확대
336,전환,마을단위 분산에너지 실증 시범사업
337,전환,민간 발전시설 무탄소 발전 전환
338,전환,방음터널 등 태양광기술 개발실증
339,전환,분산에너지 특구 지정 및 에너지 통합 시스템 구축
340,전환,분산형 연료전지 발전사업
341,전환,블루에너지 보급 확대
342,전환,산업용 태양광보급
343,전환,소수력 및 파력에너지 생산시설 보급
344,전환,수상태양광 도입 및 확대
345,전환,수상태양광 발전단지 조성
346,전환,수열에너지 융복합 클러스터 조성
347,전환,순환경제산업화 기술지원센터 구축
348,전환,스마트 그린산단(RE100) 조성
349,전환,스마트에너지시티 모델 조성 및 확대
350,전환,신재생에너지 발전사업 공모제 시행
351,전환,신재생에너지 스마트그리드 구축
352,전환,신재생에너지 융·복합지원사업
353,전환,신재생에너지 주민공유서비스
354,전환,에너지저감형 그린산업단지
355,전환,열병합발전시설의 연료전환
356,전환,영농형 태양광 발전
357,전환,외곽지역 유휴에너지 활용
358,전환,이차전지 소재 부품 시험평가센터 구축
359,전환,잉여전력 거래 및 공유서비스 플랫폼 개발
360,전환,재생에너지 원스톱 서비스 전담조직 설치
361,전환,절전소 확대 운영
362,전환,지능형 스마트 전력망 구축
363,전환,지능형 전력망(AMI) 구축 및 경남 DR 운영
364,전환,지방상수원 수상태양광 설치
365,전환,지역 분산에너지 통합관제시스템 기반 구축
366,전환,집단에너지 공급 확대
367,전환,태양광 벤치
368,전환,태양광 쉼터
369,전환,태양광 신기술 실증단지 운영
370,전환,풍력발전소 설립
371,전환,하수처리장 방류수를 활용한 소수력발전
372,전환,해상 풍력발전단지 조성
373,전환,해수온도차 발전
374,전환,햇빛 정류소 사업
375,전환,환경기초시설 태양광발전시설 설치
376,폐기물,자원회수로봇 설치
377,폐기물,1회용 컵 보증급제
378,폐기물,EV·ESS 사용후 배터리 리사이클링 산업생태계 구축
379,폐기물,Recycle 100 사업 추진
380,폐기물,RFID 기반 생물학적 재활용시설 설치 확대
381,폐기물,SRF 시설 관리 및 운영
382,폐기물,가연성 생활폐기물 직매립 제로화
383,폐기물,가연성 폐기물 연료화(SRF) 사업
384,폐기물,가용폐기물 전량 에너지 자원화 추진
385,폐기물,공공 재활용 선별시설 확충
386,폐기물,공공기관 바이오 플라스틱 사용 의무화
387,폐기물,공공기관 일회용품 사용금지
388,폐기물,공공처리시설 생활폐기물 반입량 관리제 추진
389,폐기물,과대포장 폐기물 감축 및 재활용률 확대
390,폐기물,광역 바이오에너지센터 신설 사업
391,폐기물,구내식당 잔반 없는 날 시행
392,폐기물,낙엽 재활용 퇴비화 사업
393,폐기물,노후 상수도 개량사업
394,폐기물,녹색구매지원센터 운영
395,폐기물,다회용기 공공세척센터 구축 및 활성화
396,폐기물,다회용기 재사용 촉진 지원사업
397,폐기물,바이오 플라스틱 보급 확대
398,폐기물,바이오가스 기반 수소 융복합사업
399,폐기물,분뇨 발생 저감 사업
400,폐기물,산업계 폐기물 감량 강화
401,폐기물,생활폐기물 순환경제 인프라구축
402,폐기물,생활폐기물 연료화 및 전용보일러 운영
403,폐기물,소각장 스팀에너지 공급
404,폐기물,소각장 전처리 설비 도입
405,폐기물,소각처리량 저감사업
406,폐기물,스마트 그린 리사이클
407,폐기물,스마트 종이팩 수거함 설치
408,폐기물,아이스팩 회수 및 재사용 사업
409,폐기물,아이스팩 재사용 사업
410,폐기물,유기성 폐기물 신재생에너지 생산
411,폐기물,음폐수 에너지화시설 바이오가스 및 전력 생산
412,폐기물,1회용 컵 보증금제
413,폐기물,자연유하식 도수터널 공사
414,폐기물,자원순환(Post 플라스틱) 클러스터 조성
415,폐기물,자원회수시설 소각 여열 회수 및 이용
416,폐기물,장례식장 일회용품 사용금지
417,폐기물,재생수(재처리수) 공급 확대
418,폐기물,재활용 아이스팩 전통시장 지원사업
419,폐기물,재활용품 무인 회수기 설치 운영
420,폐기물,전자폐기물 재활용 확대
421,폐기물,종이고지서 제로화 (전자고지 활성화) 추진
422,폐기물,"캔, 페트 자동수거장비 (RVM) 운영"
423,폐기물,탄소중립 시범마을 조성(제로웨이스트마을)
424,폐기물,투명 페트병 고품질 자원화 추진
425,폐기물,폐가전제품 무상방문수거 강화
426,폐기물,폐금속자원 재활용 활성화 추진
427,폐기물,폐기물 소각열 전기발전
428,폐기물,폐기물 처분 부담금제도
429,폐기물,폐아이스팩 재사용
430,폐기물,하수 탈수슬러지 자원화시설 반출
431,폐기물,하수관로 분류화
432,폐기물,하수발생 저감사업
433,폐기물,하수처리수 재이용 확대
434,폐기물,하수처리시설 개선사업
435,폐기물,하수처리장 에너지자립화 (메탄가스 회수)
436,폐기물,해양폐기물 자원순환
437,폐기물,환경기초시설 신재생에너지 설치
438,폐기물,환경기초시설 에너지자립화 사업
439,흡수원,15분 도시권 내 Community 공원녹지 재정비
440,흡수원,1가구 1텃밭 참여
441,흡수원,GAP 및 친환경인증 농가 지원사업
442,흡수원,가로수 식재
443,흡수원,공공시설 녹화사업
444,흡수원,공원녹지 확대
445,흡수원,다중이용시설 실내외 목조화
446,흡수원,도시생태숲 조성 및 숲가꾸기
447,흡수원,도심 유휴부지 공공텃밭 조성
448,흡수원,면지역 녹지 가로 등 흡수량 발굴
449,흡수원,목재 바이오매스 재활용 활성화
450,흡수원,목조건축물 신축
451,흡수원,바다숲 조성
452,흡수원,사용종료 매립지 탄소숲 조성
453,흡수원,산림드론감시단 운영
454,흡수원,산림바이오매스 생산 및 보급
455,흡수원,산림 에너지 자립마을 조성
456,흡수원,산불 예방·대응 시스템 강화
457,흡수원,생활밀착형 숲(실내·외 정원 등) 조성사업
458,흡수원,숲 가꾸기 사업
459,흡수원,에너지전환마을 거점센터 조성
460,흡수원,에코스쿨 조성 및 유지관리
461,흡수원,옥상텃밭 조성사업
462,흡수원,유휴토지 나무심기
463,흡수원,이산화탄소 활용 탄산칼슘 생산플랜트 구축
464,흡수원,자연광을 활용한 도심 속 지하 정원 만들기
465,흡수원,하천유역 탄소 흡수량 증진
466,흡수원,해안지역 방풍림 조성
467,흡수원,해중림 조성
468,이행기반,건설폐기물 배출 사업장 환경교육 실시
469,이행기반,공공부문 온실가스목표관리제
470,이행기반,그린리더 양성 및 그린스타트 운동 활성화
471,이행기반,기후변화 환경교육 운영 지원
472,이행기반,기후변화적응 취약계층 지원
473,이행기반,기후친화 시민 양성
474,이행기반,기후환경 연계 관광(Tour) 활성화
475,이행기반,넷제로 명절 캠페인
476,이행기반,녹색활동가 그린리더 양성
477,이행기반,농업환경보전 프로그램
478,이행기반,도심 속 힐링텃밭 꿀벌학교 운영
479,이행기반,로컬푸드 활성화
480,이행기반,마을공동체 그린뉴딜사업지원
481,이행기반,미래를 위한 기후행동 프로젝트
482,이행기반,미래세대와 함께하는 탄소중립 교육 확대
483,이행기반,바이오 플라스틱 확대 보급을 위한 홍보
484,이행기반,비산업부문 온실가스 진단 컨설팅
485,이행기반,사업재편 지원
486,이행기반,스마트에너지협동조합 설립 및 운영 지원
487,이행기반,시민공감대 형성을 위한 탄소중립 문화활동 추진
488,이행기반,에너지다소비건물 표준관리
489,이행기반,에너지전환 시민교육 지원
490,이행기반,이산화탄소 탐사대 (CO2Blitz) 운영
491,이행기반,일상속 생활폐기물 감량 운동 전개
492,이행기반,자원순환 교육프로그램 확대운영
493,이행기반,자원순환 마일리지 제도 운영
494,이행기반,자원순환 활동가 양성 및 운영
495,이행기반,재생에너지 연계 사회적경제기업 육성
496,이행기반,재활용 교육
497,이행기반,저탄소 관광 인식 확산
498,이행기반,저탄소 녹색생활 캠페인 활동
499,이행기반,저탄소실천 우수아파트 경진대회
500,이행기반,적극적 시민참여를 위한 탄소중립 플랫폼 구축
501,이행기반,채식 DAY 운영
502,이행기반,탄소중립 일자리 지원
503,이행기반,탄소중립 홍보 인프라 활성화
504,이행기반,투명 페트병 및 폐비닐 분리배출 요일제 실천
505,이행기반,특수학교 장애학생 환경교육 운영
506,이행기반,환경교육도시 인증 추진
507,이행기반,환경생태학습원 운영
