번호,부문,감축사업명,모니터링인자,원단위값,단위
1-1,전환,태양광 발전,시설용량; 발전량,0.617; 0.0004781,tCO2eq/kW; tCO2eq/kWh
1-2,전환,건물일체형(BIPV) 태양광발전,시설용량; 발전량,0.4602; 0.0004781,tCO2eq/kW; tCO2eq/kWh
1-3,전환,미니태양광 발전,시설용량; 발전량,0.4529; 0.0004781,tCO2eq/kW; tCO2eq/kWh
1-4,전환,수상태양광 발전,시설용량; 발전량,0.6264; 0.0004781,tCO2eq/kW; tCO2eq/kWh
1-5,전환,영농형 태양광 발전,시설용량; 설치면적; 발전량,0.6836; 0.0224; 0.0004781,tCO2eq/kW; tCO2eq/m2; tCO2eq/kWh
1-6,전환,태양열 시스템 보급 확대,"설치면적(평판형); 설치면적(공기식무창형); 설치면적(공기식유창형); 설치면적(단일진공관,이중진공관형)",0.285; 0.233; 0.266; 0.356,tCO2eq/m2; tCO2eq/m2; tCO2eq/m2; tCO2eq/m2
1-7,전환,풍력 발전,시설용량; 발전량,0.951; 0.0004781,tCO2eq/kW; tCO2eq/kWh
1-8,전환,소수력 발전,설비용량; 발전량,1.096; 0.0004781,tCO2eq/kW; tCO2eq/kWh
1-9,전환,지열,보급물량; 설치용량; 열생산량,0.479; 0.413; 56.1,tCO2eq/RT; tCO2eq/kW; tCO2eq/TJ
1-10,전환,소각장 폐열 자원화,소각량(B-C유 대체); 소각량(경유대체); 소각량(LNG대체),0.782; 0.713; 0.545,tCO2eq/톤; tCO2eq/톤; tCO2eq/톤
1-11,전환,하수열 및 하천수열 이용,보급물량,1.736,tCO2eq/kW
1-12,전환,바이오가스 열병합 발전,보급용량,"3,590.7",tCO2eq/MW
2-1,산업,청정연료 전환시설 지원,시설 용량(벙커C유 → LNG); 시설 용량(정제연료유 →LNG); 시설 용량(부생연료유 1호 → LNG); 시설 용량(부생연료유 2호 → LNG),130.44; 92.17; 93.79; 126.67,tCO2eq/톤; tCO2eq/톤; tCO2eq/톤; tCO2eq/톤
2-2,산업,산업체 저녹스버너 교체,교체 대수; 교체 대수(경유 →경유); 교체 대수(LNG →LNG); 교체 대수(중유 →LNG); 교체 대수(경유 → LNG),18.21; 15.5; 15.48; 28.39; 13.46,tCO2eq/대; tCO2eq/대; tCO2eq/대; tCO2eq/대; tCO2eq/대
2-3,산업,건설기계(굴착기) 전동화,전기굴착기 보급대수,5.014,tCO2eq/대
2-4,산업,산업용 냉동기 교효율 기기 설비교체,"교체대수(정격냉동능력 1,055kW 이하); 교체대수(정격냉동능력 1,055~7,032kW)",95.45; 204.77,tCO2eq/대; tCO2eq/대
3-1,건물,탄소중립포인트제 운영 (가입가구),탄소포인트제 가입 가구수,0.107,tCO2eq/가구수
3-2,건물,"탄소포인트제 운영(LNG, 수도, 전력)",사용절감량(LNG); 사용절감량(수도); 사용절감량(전력),0.002188; 0.000237; 0.0004781,tCO2eq/m3; tCO2eq/m3; tCO2eq/kWh
3-3,건물,공공건축물 그린 리모델링,사업면적,0.00459,tCO2eq/㎡
3-4,건물,민간 부문 그린 리모델링,리모델링 사업 면적,0.0090,tCO2eq/㎡
3-5,건물,기존 건물 BRP 사업,사업 면적,0.0139,tCO2eq/㎡
3-6,건물,제로에너지 빌딩,사업면적[(주거용) ZEB 5등급]; 사업면적[(주거용) ZEB 4등급]; 사업면적[(주거용) ZEB 3등급]; 사업면적[(주거용) ZEB 2등급]; 사업면적[(비주거용) ZEB 5등급]; 사업면적[(비주거용) ZEB 4등급]; 사업면적[(비주거용) ZEB 3등급]; 사업면적[(비주거용) ZEB 2등급],0.010; 0.019; 0.027; 0.036; 0.006; 0.019; 0.033; 0.046,tCO2eq/㎡; tCO2eq/㎡; tCO2eq/㎡; tCO2eq/㎡; tCO2eq/㎡; tCO2eq/㎡; tCO2eq/㎡; tCO2eq/㎡
3-7,건물,건물에너지 효율등급 인증,[주거용] 에너지효율등급(1+++) 사업면적; [주거용] 에너지효율등급 (1++) 사업면적; [비주거용] 에너지효율등급 (1+++) 사업면적; [비주거용] 에너지효율등급 (1++) 사업면적,0.016; 0.009; 0.022; 0.008,tCO2eq/㎡; tCO2eq/㎡; tCO2eq/㎡; tCO2eq/㎡
3-8,건물,BEMS 설치 및 운영,사업 면적,0.0038,tCO2eq/㎡
3-9,건물,수요반응시스템(DR) 구축,수요반응 가입 용량,33.75,tCO2eq/MW
3-10,건물,공공 및 오피스 건물의 스마트 미터링 도입,사업 면적,0.00418,tCO2eq/㎡
3-11,건물,일과 중 냉난방기 1시간 운휴,사업면적(냉방시기 1시간 운휴); 사업면적(난방시기 1시간 운휴),0.000045; 0.000037,tCO2eq/㎡; tCO2eq/㎡
3-12,건물,히트펌프 설치,교체대수(기름(등유) 보일러 → 전기 히트펌프(SPF=3)); 교체대수(도시가스(LNG) 보일러 → 전기 히트펌프(SPF=3)); 교체대수(전기히터 보일러 → 전기 히트펌프(SPF=3)); 교체대수(기름(등유) 보일러 → 전기 히트펌프(SPF=6)); 교체대수(도시가스(LNG) 보일러 → 전기 히트펌프(SPF=6)); 교체대수(전기히터 보일러 → 전기 히트펌프(SPF=6)),7.300; 4.916; 4.781; 8.495; 6.111; 5.976,tCO2eq/대; tCO2eq/대; tCO2eq/대; tCO2eq/대; tCO2eq/대; tCO2eq/대
3-13,건물,잠열 회수형 온수 보일러 도입(가정),보급가구수,0.08,tCO2eq/가구
3-14,건물,가정용 환경표지인증 보일러 교체,교체대수(노후 보일러(LNG) → 환경표지인증 보일러(LNG)); 교체대수(노후 보일러(LPG) → 환경표지인증 보일러(LNG)); 교체대수(노후 보일러(등유) → 환경표지인증 보일러(LNG)),0.536; 0.328; 0.495,tCO2eq/대; tCO2eq/대; tCO2eq/대
3-15,건물,빗물 재이용 시설 도입,설비용량·시설대수,0.000237,tCO2eq/m3·대
3-16,건물,절수기기 보급,보급가구수,0.0078,tCO2eq/가구
3-17,건물,고단열 창호교체,유리 교체면적(도시가스 대체); 유리 교체면적(전기 대체); 유리 교체면적(경유 대체); 유리 교체면적(전기 대체),0.00648; 0.01530; 0.00859; 0.00833,tCO2eq/㎡; tCO2eq/㎡; tCO2eq/㎡; tCO2eq/㎡
3-18,건물,LED 조명 교체,교체개수(형광등); 교체개수(백열등),0.030; 0.050,tCO2eq/개; tCO2eq/개
3-19,건물,가로등 LED 교체,교체개수,0.1745,tCO2eq/개
3-20,건물,옥외광고 간판조명 LED화,간판면적; 조명교체개수,0.314; 0.0628,tCO2eq/m2; tCO2eq/개
3-21,건물,대기전력 차단기 보급,보급가구수; 적용 면적,0.085; 0.0012,tCO2eq/가구; tCO2eq/㎡
3-22,건물,고효율 제품전환,교체대수(전기냉장고); 교체대수(전기세탁기); 교체대수(전기밥솥); 교체대수[고효율 냉난방기(5→4)]; 교체대수[고효율 냉난방기(5→3)]; 교체대수[고효율 냉난방기(5→2)]; 교체대수[고효율 냉난방기(5→1)]; 교체대수[고효율 냉난방기(4→3)]; 교체대수[고효율 냉난방기(4→2)]; 교체대수[고효율 냉난방기(4→1)]; 교체대수[고효율 냉난방기(3→2)]; 교체대수[고효율 냉난방기(3→1)]; 교체대수[고효율 냉난방기(2→1)],0.038; 0.010; 0.014; 0.0030; 0.0237; 0.0586; 0.0956; 0.0207; 0.0556; 0.0927; 0.0349; 0.0719; 0.0371,tCO2eq/대; tCO2eq/대; tCO2eq/대; tCO2eq/대; tCO2eq/대; tCO2eq/대; tCO2eq/대; tCO2eq/대; tCO2eq/대; tCO2eq/대; tCO2eq/대; tCO2eq/대; tCO2eq/대
3-23,건물,인덕션(전기레인지) 교체 사업,교체대수(프로판 → 전기레인지); 교체대수(도시가스 → 전기레인지),0.112; 0.048,tCO2eq/대; tCO2eq/대
3-24,건물,옥상녹화사업,조성면적,0.017,tCO2eq/m2
3-25,건물,벽면녹화(그린커튼),조성면적,0.0035,tCO2eq/m2
3-26,건물,쿨루프,시공면적,0.00341,tCO2eq/m2
3-27,건물,그린 캠퍼스,사업대상 연면적,0.00884,tCO2eq/m2
3-28,건물,"도시가스 공급확대(등유, 경유)",변경가구수,0.09,tCO2eq/가구
3-29,건물,목재펠릿 보일러,"사용량(등유, 경유); 사용량(LPG); 설치대수",1.208; 1.066; 6.173,tCO2eq/톤; tCO2eq/톤; tCO2eq/대
4-1,수송,전기차 보급(승용차),전기승용차 보급대수(대),0.97,tCO2eq/대
4-2,수송,전기차 보급(화물차),전기화물차 보급대수(대),2.155,tCO2eq/대
4-3,수송,전기 버스,보급대수(경유→전기); 보급대수(CNG→전기),43.89; 39.43,tCO2eq/대; tCO2eq/대
4-4,수송,경유자동차 전기차 전환 지원,교체대수(경유차→전기차),1.18,tCO2eq/대
4-5,수송,전기 이륜차(오토바이) 보급,전기이륜차 보급대수,0.6501,tCO2eq/대
4-6,수송,노면 청소차량 전기차 전환,전기청소차,2.472,tCO2eq/대
4-7,수송,전기 자전거 보급,보급대수,0.0138,tCO2eq/대
4-8,수송,수소차 보급(버스),보급대수,36.389,tCO2eq/대
4-9,수송,수소차 보급(승용차),보급대수,0.923,tCO2eq/대
4-10,수송,수소차 보급(대형 화물차),수소화물차 보급대수(대),10.6845,tCO2eq/대
4-11,수송,하이브리드차 보급(승용차),하이브리드차 보급대수(대),0.4331,tCO2eq/대
4-12,수송,경유자동차 저공해화 (LPG 엔진교체),교체대수(대),0.135,tCO2eq/대
4-13,수송,CNG차량 보급확대(버스),보급대수,4.455,tCO2eq/대
4-14,수송,공공자전거 이용,공공자전거 이용횟수; 공공자전거 보급대수,0.0003245; 0.04518,tCO2eq/회; tCO2eq/대
4-15,수송,PM(전동킥보드) 이용 활성화,PM 보급대수,0.0099,tCO2eq/대
4-16,수송,대중교통 이용확대,대중교통 이용자 증가 수 (지하철이 있는 지자체); 대중교통 이용자 증가 수 (지하철이 없는 지자체); 수송거리(버스); 수송거리(지하철),0.0016757; 0.0012928; 0.0001820; 0.0001824,tCO2eq/인; tCO2eq/인; tCO2eq/인·km; tCO2eq/인·km
4-17,수송,자동차 마일리지(탄소중립 포인트),탄소중립포인트(자동차)참여대수,0.2966,tCO2eq/대
4-18,수송,차량 공유(대여) 시스템,운영대수,3.834,tCO2eq/대
4-19,수송,승용차 요일제 추진,운영대수,0.279,tCO2eq/대
4-20,수송,친환경 운전 문화 확산,확산대수(승용차); 확산대수(버스(중형)); 확산대수(화물차),0.30; 0.71; 0.85,tCO2eq/대; tCO2eq/대; tCO2eq/대
4-21,수송,녹색 주차장 조성,녹색 주차장 조성면적,0.000685,tCO2eq/m2
4-22,수송,친환경 하이브리드 어선,보급대수,80,tCO2eq/대
4-23,수송,전기 여객선 보급,보급대수,600.50,tCO2eq/대
4-24,수송,항만 육상전원공급설비(AMP),AMP 공급 선박대수; AMP 공급 선박톤수; AMP 공급 정박시간,174.477; 0.0842; 0.0456,tCO2eq/대; tCO2eq/톤(선박); tCO2eq/시간
5-1,농축산,가축분뇨 공동자원화시설 확충,처리용량; 바이오가스 생산량,0.034; 0.0009,tCO2eq/톤; CO2eq/m3
5-2,농축산,농업에너지이용 효율화 (다겹보온커튼 설치),다겹보온커튼 설치 면적(평균); 다겹보온커튼 설치 면적(파프리카); 다겹보온커튼 설치 면적(오이); 다겹보온커튼 설치 면적(토마토),0.005; 0.004; 0.007; 0.002,tCO2eq/m²; tCO2eq/m²; tCO2eq/m²; tCO2eq/m²
5-3,농축산,농촌 지열히트펌프 보급,보급용량,1.37,tCO2eq/RT
5-4,농축산,논물관리,시행면적,22.4,tCO2eq/ha
5-5,농축산,친환경 비료사용 등 친환경농업 확대,보급면적,6.32×10-6,tCO2eq/㎡
5-6,농축산,완효성 비료 시용,완효성 비료 시용 면적 (평균); 완효성 비료 시용 면적 (콩); 완효성 비료 시용 면적 (고추),0.21; 0.1; 0.32,tCO2eq/ha; tCO2eq/ha; tCO2eq/ha
5-7,농축산,녹비작물을 통한 대체 효과,녹비작물 대체 면적,0.27,tCO2eq/ha
5-8,농축산,호기성 토양에서 바이오차 보급,바이오차 투입량,0.09,tCO2eq/t-바이오차
5-9,농축산,(논) 무경운 재배,재배면적(최소경운 1기작); 재배면적(무경운 1기작),0.148; 0.153,tCO2eq/ha; tCO2eq/ha
5-10,농축산,건답 직파 재배,건답 직파 재배 면적,1.77,tCO2eq/ha
5-11,농축산,한우 비육기간 단축,"한우 비육기간 단축 한우 수, 기간",1.21,tCO2eq/두·개월
5-12,농축산,"저메탄, 저단백질사료 보급",사육두수,0.471,tCO2eq/두
5-13,농축산,저탄소 식사 문화 확산 (채식 보급 활성화),저탄소 식사 문화 확산 (일); 저탄소 식사 문화 확산 (식),0.0003; 0.0001,tCO2eq/일; tCO2eq/식
6-1,폐기물,준호기성 매립지,생활폐기물 매립량,0.050,tCO2eq/톤
6-2,폐기물,고형폐기물의 생물학적 처리량 감소,감소처리량(퇴비화(건식)); 감소처리량(퇴비화(습식)); 감소처리량(혐기성소화(건식)); 감소처리량(혐기성소화(습식)),0.439; 0.192; 0.056; 0.028,tCO2eq/톤; tCO2eq/톤; tCO2eq/톤; tCO2eq/톤
6-3,폐기물,소각여열 회수 및 이용,열공급량,0.00003,tCO2eq/MJ
6-4,폐기물,유기성 폐기물 신재생에너지 생산,바이오가스 활용량,0.001,tCO2eq/m3
6-5,폐기물,하수처리장 에너지자립화 사업,발전량,0.0004781,tCO2eq/kWh
6-6,폐기물,하수처리수 재이용,재이용수 공급량(m3),0.0002228,tCO2eq/m3
6-7,폐기물,"아이스팩, 커피찌꺼기 재활용",재활용량(아이스팩); 재활용량(커피찌꺼기),0.002; 0.001,tCO2eq/톤; tCO2eq/톤
6-8,폐기물,폐플라스틱 자원화,폐플라스틱 자원화 무게,1.3,tCO2eq/톤
6-9,폐기물,현수막 업사이클링,재활용된 현수막 개수; 재활용된 현수막 중량,0.00092; 0.00185,tCO2eq/장PE현수막; tCO2eq/kgPE현수막
6-10,폐기물,RFID 종량기 보급,RFID 종량기 보급대수; RFID 종량기 사용 세대,5.31; 0.08,tCO2eq/대; tCO2eq/세대
6-11,폐기물,가정용 음식물류 폐기물 감량기기 보급 지원,음식물류 폐기물 감량기기보급대수,0.121,tCO2eq/대
6-12,폐기물,포장재 폐기물 저감(제로웨이스트 샵(리필스테이션) 이용 확대),비닐 포장재 저감 개수; 플라스틱 포장재 저감 개수; 제로웨이스트 샵 수,0.00009; 0.00008; 0.18,tCO2eq/개; tCO2eq/개; tCO2eq/가게
6-13,폐기물,식품접객업 일회용 비닐봉투 사용 규제,소비되는 비닐봉투 개수; 사업 참여 식품접객업 가게 수,0.000068; 2.08,tCO2eq/개; tCO2eq/가게
6-14,폐기물,일회용 플라스틱 컵 사용 자제,소비되는 음료 개수; 사업 참여 가게 수,0.000048; 2.34,tCO2eq/개; tCO2eq/가게
6-15,폐기물,음식물쓰레기 저감 캠페인,음식물폐기물 감축량(퇴비화); 음식물폐기물 감축량(혐기성소화),0.192; 0.028,kgCO2eq/kg; kgCO2eq/kg
6-16,폐기물,지방세 종이 고지서의 전자 고지서 대체,전자고지서 발행 건수; 전자고지서 발행 가구수,0.00000572; 0.00004648,tCO2eq/건; tCO2eq/가구
6-17,폐기물,대형마트의 전자 영수증 이용,전자영수증 발행 건수; 전자영수증 발행 가게 수,0.00000059; 0.39,tCO2eq/건; tCO2eq/가게
7-1,수소,"수소연료전지(LNG, 메탄, LPG)",사용량(LNG); 사용량(메탄); 사용량(LPG),2.7657; 2.7518; 2.9864,tCO2/t-LNG; tCO2/t-바이오 가스(메탄); tCO2/t-LPG
7-2,수소,이산화탄소 포집 및 수소생산 이용,수소생산용량,8.33,tCO2eq/tH2
8-1,흡수원,조림조성(그루),보급나무수(수령10년); 보급나무수(수령15년); 보급나무수(수령20년); 보급나무수(수령25년); 보급나무수(수령30년),2.4; 4.4; 7.2; 9.4; 10.1,kgCO2eq/그루; kgCO2eq/그루; kgCO2eq/그루; kgCO2eq/그루; kgCO2eq/그루
8-2,흡수원,조림조성(면적),조성면적(임령10년); 조성면적(임령15년); 조성면적(임령20년); 조성면적(임령25년); 조성면적(임령30년),6.9; 9.8; 11.6; 12.1; 10.8,tCO2eq/ha; tCO2eq/ha; tCO2eq/ha; tCO2eq/ha; tCO2eq/ha
8-3,흡수원,[도시숲조성] 가로수 심기,보급나무수(수령10년); 보급나무수(수령15년); 보급나무수(수령20년); 보급나무수(수령25년); 보급나무수(수령30년),3.6; 5.2; 8.4; 9.6; 10.1,kgCO2eq/그루; kgCO2eq/그루; kgCO2eq/그루; kgCO2eq/그루; kgCO2eq/그루
8-4,흡수원,숲 가꾸기(간벌 및 가지치기),숲가꾸기 면적,1.188,tCO2eq/㏊
8-5,흡수원,근린공원(도시공원) 조성,근린공원(도시공원) 조성 면적,0.012,tCO2eq/m²
8-6,흡수원,녹지면적 확충,확충된 녹지 면적,0.006,tCO2eq/m²
8-7,흡수원,생활 속 미니 텃밭을 활용한 도시농업 활성화,고구마 재배 면적; 감자 재배 면적; 파 재배 면적; 고추 재배 면적,0.00056; 0.00115; 0.00004; 0.00063,tCO2eq/m²; tCO2eq/m²; tCO2eq/m²; tCO2eq/m²
8-8,흡수원,습지공원 조성,습지공원 조성 면적,0.039,tCO2eq/m²
8-9,흡수원,"블루카본(갯벌, 염습지 등) 복원",조성면적,0.105,kgCO2eq/m2
8-10,흡수원,바다숲 조성,조성면적,7.97,tCO2eq/㏊
8-11,흡수원,해초(잘피림) 식재,해초류(잘피림) 식재 면적,0.0012,tCO2eq/m²
8-12,흡수원,"미이용 산림바이오매스 목재연료 (목재펠릿, 목재칩) 활용",목재연료 무게; 목재펠릿 무게; 목재칩 무게,1.21; 1.25; 1.02,tCO2eq/톤; tCO2eq/톤; tCO2eq/톤
8-13,흡수원,국내 목제품 이용 및 생활환경 시설 목재 활용 권장,목제 제품의 총 부피; 책상 대수; 테이블 대수,0.63; 0.017; 0.021,tCO2eq/㎥; tCO2eq/대; tCO2eq/대
